Filename,Title,Category,Description,Display,Order
ad_anuj_tiles.mp3,Anuj Tiles,Advertisement,Commercial voice-over for Anuj Tiles,no,
ad_tata_iodine_salt.mp3,Tata Iodine Salt,Advertisement,Commercial voice-over for Tata Iodine Salt,no,
ad_thangamayil_jewellery.mp3,Thangamayil Jewellery,Advertisement,Commercial voice-over for Thangamayil Jewellery,yes,
ad_thangamayil_smart_gold.mp3,Thangamayil Smart Gold,Advertisement,Commercial voice-over for Thangamayil Smart Gold,yes,
ad_alarmel_realestate.mp3,Alarmel Real Estate,Advertisement,Commercial voice-over for Alarmel Real Estate,yes,
ad_sathya.mp3,Sathya,Advertisement,Commercial voice-over for Sathya,no,
documentary_smart_salem.mp3,Smart Salem,Documentary,Documentary narration — Smart Salem,yes,
documentary.mp3,Documentary Sample,Documentary,Documentary narration sample,yes,
dubbing_bharathi_baskar.mp3,Bharathi Baskar,Dubbing,Dubbing voice-over — Bharathi Baskar,yes,
news_reading.mp3,News Reading,News Reading,News bulletin reading sample,yes,
audiobook_adult_kattidam_sollum_kadhai.mp3,Kattidam Sollum Kadhai,Audiobook (Adult),Audiobook narration — Kattidam Sollum Kadhai,yes,
audiobook_adult_yaanai_doctor.mp3,Yaanai Doctor (Jeyamohan),Audiobook (Adult),Audiobook narration — Yaanai Doctor by Jeyamohan,yes,
audiobook_kids_do_do_manga.mp3,Do Do Manga,Audiobook (Kids),Children's audiobook — Do Do Manga,yes,
audiobook_kids_oliver.mp3,Oliver,Audiobook (Kids),Children's audiobook — Oliver,yes,
audiobook_kids_pigly.mp3,Pigly,Audiobook (Kids),Children's audiobook — Pigly,yes,
audiobook_kids_sliced_bread.mp3,Sliced Bread,Audiobook (Kids),Children's audiobook — Sliced Bread,yes,
audiobook_kids_super_powers.mp3,Super Powers,Audiobook (Kids),Children's audiobook — Super Powers,yes,
audiobook_kids_little_business_women.mp3,Little Business Women,Audiobook (Kids),Children's audiobook — Little Business Women,yes,
audiobook_kids_preethi_wish.mp3,Preethi's Wish,Audiobook (Kids),Children's audiobook — Preethi's Wish,yes,
story_hidden_map.mp3,Hidden Map,Tamil Story,Tamil short story — The Hidden Map,yes,
story_kadasi_mambazham.mp3,Kadasi Mambazham,Tamil Story,Tamil short story — Kadasi Mambazham (The Last Mango),yes,
story_magic_spoon_v1.mp3,Magic Spoon,Tamil Story,Tamil short story — The Magic Spoon,yes,
story_marakatham_kal.mp3,Marakatham Kal,Tamil Story,Tamil short story — The Emerald Stone (Marakatham Kal),yes,
story_mudhal_parisu.mp3,Mudhal Parisu,Tamil Story,Tamil short story — The First Prize (Mudhal Parisu),yes,
story_palapazha_thirudan.mp3,Palapazha Thirudan,Tamil Story,Tamil short story — The Fruit Thief (Palapazha Thirudan),yes,
story_paper_thief.mp3,Paper Thief,Tamil Story,Tamil short story — The Paper Thief,yes,
story_paris_corner.mp3,Paris Corner,Tamil Story,Tamil short story — Paris Corner,yes,
story_pattaboochi_peen.mp3,Pattaboochi Peen,Tamil Story,Tamil short story — Pattaboochi Peen,yes,
story_rajuvin_thottam.mp3,Rajuvin Thottam,Tamil Story,Tamil short story — Raju's Garden (Rajuvin Thottam),yes,
story_swimming_star.mp3,Swimming Star,Tamil Story,Tamil short story — Swimming Star,yes,
story_last_mango.mp3,Last Mango,Tamil Story,Tamil short story — Last Mango,yes,
story_ice_thatha.mp3,Ice Thatha,Tamil Story,Tamil short story — Ice Thatha (The Ice Grandfather),yes,
story_velli_poolak.mp3,Velli Poolak,Tamil Story,Tamil short story — Velli Poolak (Silver Flowers),yes,
story_the_secret_tree.mp3,The Secret Tree,Tamil Story,Tamil short story — The Secret Tree,yes,
story_hari.mp3,Hari,Tamil Story,Tamil short story — Hari,yes,
story_chippi.mp3,Chippi,Tamil Story,Tamil children's story — Chippi,yes,
story_chutti.mp3,Chutti,Tamil Story,Tamil children's story — Chutti,yes,
story_paatiyin_mandhirakol.mp3,Paatiyin Mandhirakol,Tamil Story,Tamil short story — Grandmother's Magic Staff (Paatiyin Mandhirakol),yes,
story_mandhira_kol.mp3,Mandhira Kol,Tamil Story,Tamil short story — The Magic Staff (Mandhira Kol),yes,
story_kadal.mp3,Kadal,Tamil Story,Tamil short story — The Sea (Kadal),yes,
story_sippayi_kalakam.mp3,Sippayi Kalakam,Tamil Story,Tamil story — The Sepoy Revolt (Sippayi Kalakam),yes,
story_nanbargal_thinam.mp3,Nanbargal Thinam,Tamil Story,Tamil story — Friendship Day (Nanbargal Thinam),yes,
classical_thirukural.mp3,Thirukural,Classical / Literary,Recitation of the classical Tamil text Thirukural,yes,
classical_thiruvalluvarudan_oru_nal.mp3,Thiruvalluvarudan Oru Nal,Classical / Literary,Classical Tamil — A Day with Thiruvalluvar,yes,
classical_kizhaevandha_natchathiram.mp3,Kizhaevandha Natchathiram,Classical / Literary,Classical Tamil — Kizhaevandha Natchathiram,yes,
classical_vaanoli.mp3,Vaanoli,Classical / Literary,Radio-style classical narration — Vaanoli,yes,
devotional_yusuf_nabi.mp3,Yusuf Nabi,Devotional,Devotional narration — The Prophet Yusuf,yes,
devotional_nabi.mp3,Nabi,Devotional,Devotional narration — The Prophet (Nabi),yes,
drama_bhuthisali_vivasayi.mp3,Bhuthisali Vivasayi,Drama,Drama — The Ghost Farmer (Bhuthisali Vivasayi),yes,
drama_ilavarasanum_maya_sangum.mp3,Ilavarasanum Maya Sangum,Drama,Drama — The Prince and the Magic Troupe,yes,
drama_vidhaigal.mp3,Vidhaigal,Drama,Drama — Seeds (Vidhaigal),yes,
intro_promo.mp3,Intro / Promo,Intro,Voice-over artist introduction and promo reel,no,
